<?xml version="1.0" encoding="utf-8" ?><x:xmpmeta xmlns:x="adobe:ns:meta/" xmlns:tsc="http://www.techsmith.com/xmp/tsc/" ><rdf:RDF xmlns:rdf="http://www.w3.org/1999/02/22-rdf-syntax-ns#" xmlns:xmp="http://ns.adobe.com/xap/1.0/" xmlns:xmpDM="http://ns.adobe.com/xmp/1.0/DynamicMedia/" xmlns:xmpG="http://ns.adobe.com/xap/1.0/g/" xmlns:xmpMM="http://ns.adobe.com/xap/1.0/mm/" xmlns:tscDM="http://www.techsmith.com/xmp/tscDM/" xmlns:tscIQ="http://www.techsmith.com/xmp/tscIQ/" xmlns:tscHS="http://www.techsmith.com/xmp/tscHS/" xmlns:stDim="http://ns.adobe.com/xap/1.0/sType/Dimensions#" xmlns:stFnt="http://ns.adobe.com/xap/1.0/sType/Font#" xmlns:exif="http://ns.adobe.com/exif/1.0" xmlns:dc="http://purl.org/dc/elements/1.1/" ><rdf:Description tsc:version="2.1.0" dc:title="Untitled" dc:source="Camtasia Mac - 3.0.6" dc:date="2017-06-09T14:45:33+6:00" dc:creator="" dc:Description="" tscDM:keywords="" tscDM:thumbnail="" tscDM:firstFrame="" tscDM:project="" tscDM:originId="7528D7E9-D7BF-442C-897B-5C91D230F65F" ><xmpDM:duration xmpDM:scale="1/1000" xmpDM:value="21200" ></xmpDM:duration><xmpDM:videoFrameSize stDim:unit="pixel" stDim:w="1570" stDim:h="1080" ></xmpDM:videoFrameSize><tsc:langName><rdf:Bag><rdf:li xml:lang="en-US">English</rdf:li></rdf:Bag></tsc:langName><xmpDM:Tracks><rdf:Bag><rdf:li><rdf:Description xmpDM:trackType="Quiz" xmpDM:frameRate="f1000" xmpDM:trackName="Quiz" tscIQ:quizGuid="21B3450A-C0A1-4B29-89DC-74151D9F6CE5" tscIQ:authoredEmail="ZmFyb29xaGFxdWVAZ21haWwuY29t" tscIQ:requireUserId="1" tscIQ:locale="en-US" tscIQ:reportMethod="APIANDSCORM" tscIQ:clientId="1CDF22D874AC443FBBB68075B4AE31CD" tscIQ:hideReplay="1" tscIQ:allowSkipQuiz="0" tscIQ:quizHash="8FA96449A37E34AC1FB1FEF372B532E1" ><xmpDM:markers><rdf:Seq><rdf:li><rdf:Description xmpDM:startTime="2933" tscIQ:feedback="1" tscIQ:questionSetName="Quiz 1" ><tscIQ:questions><rdf:Seq><rdf:li><rdf:Description tscIQ:type="MC" tscIQ:id="0" ><tscIQ:question>whats the name of the act</tscIQ:question><tscIQ:correctAnswer>1</tscIQ:correctAnswer><tscIQ:answerArray><rdf:Seq><rdf:li><rdf:Description tscIQ:orderId="0" ><tscIQ:answer>Default Answer Text</tscIQ:answer></rdf:Description></rdf:li><rdf:li><rdf:Description tscIQ:orderId="1" ><tscIQ:answer>IT act</tscIQ:answer></rdf:Description></rdf:li><rdf:li><rdf:Description tscIQ:orderId="2" ><tscIQ:answer>NIT act</tscIQ:answer></rdf:Description></rdf:li><rdf:li><rdf:Description tscIQ:orderId="3" ><tscIQ:answer>sit act</tscIQ:answer></rdf:Description></rdf:li></rdf:Seq></tscIQ:answerArray><tscIQ:feedback><rdf:Bag><rdf:li><rdf:Description tscIQ:reason="correct" ><xmpDM:name><rdf:Alt><rdf:li xml:lang="en-US"></rdf:li></rdf:Alt></xmpDM:name></rdf:Description></rdf:li><rdf:li><rdf:Description tscIQ:reason="incorrect" tscIQ:jumpToTime="1000" ><xmpDM:name><rdf:Alt><rdf:li xml:lang="en-US"></rdf:li></rdf:Alt></xmpDM:name></rdf:Description></rdf:li></rdf:Bag></tscIQ:feedback></rdf:Description></rdf:li></rdf:Seq></tscIQ:questions></rdf:Description></rdf:li></rdf:Seq></xmpDM:markers><tscIQ:QuizParams><rdf:Bag></rdf:Bag></tscIQ:QuizParams></rdf:Description></rdf:li></rdf:Bag></xmpDM:Tracks><tscDM:controller><rdf:Description xmpDM:name="tscplayer" ><tscDM:parameters><rdf:Bag><rdf:li xmpDM:name="autohide" xmpDM:value="true" ></rdf:li><rdf:li xmpDM:name="autoplay" xmpDM:value="false" ></rdf:li><rdf:li xmpDM:name="backgroundcolor" xmpDM:value="000000" ></rdf:li><rdf:li xmpDM:name="captionsenabled" xmpDM:value="false" ></rdf:li><rdf:li xmpDM:name="endaction" xmpDM:value="stop" ></rdf:li><rdf:li xmpDM:name="endactionparam" xmpDM:value="true" ></rdf:li><rdf:li xmpDM:name="locale" xmpDM:value="en-US" ></rdf:li><rdf:li xmpDM:name="searchable" xmpDM:value="true" ></rdf:li><rdf:li xmpDM:name="sidebarenabled" xmpDM:value="false" ></rdf:li><rdf:li xmpDM:name="sidebarlocation" xmpDM:value="left" ></rdf:li><rdf:li xmpDM:name="unicodeenabled" xmpDM:value="false" ></rdf:li></rdf:Bag></tscDM:parameters><tscDM:controllerText><rdf:Bag><rdf:li><rdf:Description xmp:label="localSecurityError" ><tscDM:localizedText><rdf:Alt><rdf:li xml:lang="en-US">Certain features in your video are currently disabled due to Local Network Security. These features work correctly when the video is played from a Website or Server.</rdf:li></rdf:Alt></tscDM:localizedText></rdf:Description></rdf:li><rdf:li><rdf:Description xmp:label="replayButtonText" ><tscDM:localizedText><rdf:Alt><rdf:li xml:lang="en-US">Replay</rdf:li></rdf:Alt></tscDM:localizedText></rdf:Description></rdf:li><rdf:li><rdf:Description xmp:label="resultText" ><tscDM:localizedText><rdf:Alt><rdf:li xml:lang="en-US">Results Found</rdf:li></rdf:Alt></tscDM:localizedText></rdf:Description></rdf:li><rdf:li><rdf:Description xmp:label="searchFullscreenText" ><tscDM:localizedText><rdf:Alt><rdf:li xml:lang="en-US">Search disabled in full screen mode</rdf:li></rdf:Alt></tscDM:localizedText></rdf:Description></rdf:li><rdf:li><rdf:Description xmp:label="searchText" ><tscDM:localizedText><rdf:Alt><rdf:li xml:lang="en-US">Search</rdf:li></rdf:Alt></tscDM:localizedText></rdf:Description></rdf:li></rdf:Bag></tscDM:controllerText></rdf:Description></tscDM:controller><tscDM:contentList><rdf:Description><tscDM:files><rdf:Seq><rdf:li xmpDM:name="1" xmpDM:value="Untitled.mp4"></rdf:li></rdf:Seq></tscDM:files></rdf:Description></tscDM:contentList></rdf:Description></rdf:RDF></x:xmpmeta>